time,distance
0.0,0.0
0.01,3.1086244689504383e-15
0.02,4.051933808678556e-15
0.03,5.461575137144001e-15
0.04,4.305604634972164e-15
0.05,4.288393621505008e-15
0.060000000000000005,4.6840360722841785e-15
0.07,5.273267194922012e-15
0.08,6.911974289047054e-15
0.08999999999999998,0.0004528470847566254
0.1,0.0007276425855990154
0.11,0.002435347240046614
0.11999999999999998,0.0026957756561362565
0.12999999999999998,0.002594495639819307
0.14,0.0020218114874363006
0.15,0.0022566560577785134
0.16,0.0022493538208505468
0.17,0.001349592194649444
0.18000000000000002,0.0017301870902014876
0.19000000000000003,0.0017918319849065613
0.20000000000000004,0.0020718961722792813
0.21000000000000005,0.0018956501807688422
0.22000000000000008,0.0014579179811793136
0.2300000000000001,0.0015919965258619252
0.24000000000000007,0.0010576293224261793
0.25000000000000006,0.0015081050796505856
0.26000000000000006,0.0014761401163664472
0.2700000000000001,0.0014971816017205612
0.2800000000000001,0.0015792880853184904
0.2900000000000001,0.001015491318041369
0.3000000000000001,0.0013638818112701057
0.31000000000000005,0.001072960813516698
0.32000000000000006,0.001420287467498394
0.3300000000000001,0.0015437800763129926
0.34000000000000014,0.0013036113363327547
0.35000000000000014,0.0015373114980634813
0.3600000000000001,0.0009064665466469053
0.37000000000000016,0.0013130598050041698
0.38000000000000017,0.001142308114768535
0.3900000000000002,0.001289491985499807
0.40000000000000013,0.0015333333910631116
0.41000000000000014,0.001104979061707719
0.42000000000000015,0.0014775287855780543
0.43000000000000016,0.0009389567098979818
0.44000000000000017,0.0013373518380756443
0.4500000000000002,0.001407735723041813
0.4600000000000002,0.0013570455019119446
0.47000000000000025,0.0017383969298578655
0.48000000000000026,0.0011750439088770617
0.4900000000000002,0.001598265017125334
0.5000000000000001,0.0011252212980629402
0.5100000000000001,0.0014187425871572473
0.5200000000000001,0.0016159100831158895
0.5300000000000002,0.0014136452880112607
0.5400000000000003,0.0018857036625426304
0.5500000000000003,0.0012764335350538127
0.5600000000000003,0.0017174069237574981
0.5700000000000003,0.0014105556939397433
0.5800000000000003,0.0015956469295939691
0.5900000000000003,0.0019555541720701545
0.6000000000000003,0.001643477815781956
0.6100000000000003,0.002174664092488027
0.6200000000000003,0.0015505338038447414
0.6300000000000003,0.0019492452048703857
0.6400000000000003,0.0017408341132891662
0.6500000000000004,0.0018311125062628383
0.6600000000000004,0.002286982131900718
0.6700000000000004,0.0019173412372208514
0.6800000000000004,0.002473298536384541
0.6900000000000004,0.0018736189261605019
0.7000000000000004,0.0022182931828170958
0.7100000000000004,0.0021066508580922087
0.7200000000000004,0.002131072780120724
0.7300000000000003,0.002663764006726722
0.7400000000000003,0.002274940129919995
0.7500000000000003,0.002833025332395847
0.7600000000000003,0.0022533916810179634
0.7700000000000004,0.00253320752670446
0.7800000000000004,0.0024552103916216997
0.7900000000000004,0.002435373212866435
0.8000000000000005,0.003005317570887418
0.8100000000000005,0.0026294034289655603
0.8200000000000005,0.0031827101541981643
0.8300000000000005,0.0026182295754842867
0.8400000000000005,0.002835986379217669
0.8500000000000005,0.002732560931322761
0.8600000000000004,0.0026793948280323856
0.8700000000000004,0.003252182483617988
0.8800000000000004,0.002914019708060658
0.8900000000000005,0.0034711107298612035
0.9000000000000007,0.0029199496552802474
0.9100000000000005,0.0030857597609124025
0.9200000000000006,0.0028854974395294223
0.9300000000000006,0.00278896074813466
0.9400000000000006,0.0033091395905222466
0.9500000000000006,0.0030228179861944648
0.9600000000000006,0.0036030496442087103
0.9700000000000006,0.0030892747295565514
0.9800000000000006,0.0032383934126679385
0.9900000000000007,0.0028971964898107964
1.0000000000000009,0.0027364298254513937
1.010000000000001,0.003111578441785754
1.020000000000001,0.0028628903698915153
1.0300000000000007,0.003473534382300882
1.0400000000000007,0.0030422082559907844
1.0500000000000007,0.0032424744715206888
1.0600000000000007,0.002792901185587107
1.0700000000000007,0.0025804995534017407
1.0800000000000007,0.002692226036835484
1.0900000000000007,0.0024204108724049335
1.1000000000000008,0.003011661883277888
1.1100000000000008,0.0026865563302882547
1.1200000000000008,0.00300778438750587
1.1300000000000008,0.00256713403513362
1.1400000000000008,0.0024023173498250536
1.1500000000000008,0.0022191873343968406
1.1600000000000008,0.0018612995918776377
1.1700000000000008,0.0022859733799040025
1.1800000000000008,0.0020106546929213884
1.1900000000000008,0.002455850916498995
1.2000000000000008,0.0021283005253233374
1.2100000000000009,0.0021410458801207274
1.2200000000000009,0.001831749532796016
1.2300000000000009,0.0014771044943706249
1.2400000000000009,0.0015719620391909073
1.2500000000000009,0.0012175354782166478
1.260000000000001,0.001670188674400565
1.270000000000001,0.0014319692223266917
1.2800000000000007,0.0016539757309499206
1.2900000000000007,0.0014141547914848522
1.3000000000000007,0.0012556683477593826
1.3100000000000007,0.0011334156644964863
1.320000000000001,0.0007318117064761855
1.330000000000001,0.0009733553669390812
1.340000000000001,0.0006688066620462253
1.350000000000001,0.0010077901496812485
1.360000000000001,0.0008433006865300807
1.370000000000001,0.000913693539418947
1.380000000000001,0.0008092012022966809
1.390000000000001,0.0006035477115964824
1.400000000000001,0.0006351659465466409
1.410000000000001,0.00025088563618852917
1.420000000000001,0.0005258995057733952
1.430000000000001,0.0002795828248472223
1.4400000000000013,0.0004978711503027163
1.4500000000000013,0.00041938047617680487
1.4600000000000013,0.00041240150478574734
1.4700000000000013,0.0004261528820783585
1.480000000000001,0.00024016999668289993
1.490000000000001,0.0003559675013240153
1.500000000000001,4.786238065964922e-05
1.5100000000000011,0.00028662210110732623
1.5200000000000011,0.00012830508929061667
1.5300000000000011,0.0002375421563324886
1.5400000000000011,0.00021809146274330609
1.5500000000000012,0.0001860046620353165
1.5600000000000012,0.00024401876939669613
1.5700000000000012,0.00013497423992138254
1.5800000000000012,0.00023152401292786176
1.5900000000000012,0.00012141358461332492
1.6000000000000012,0.00020612423742697228
1.6100000000000012,0.00014724818197641692
1.6200000000000012,0.00018224967109362625
1.6300000000000012,0.00017433510384511563
1.6400000000000012,0.00016604855987061446
1.6500000000000012,0.00018798435016782237
1.6600000000000013,0.00016031388206780913
1.6700000000000013,0.00019029907904868706
1.6800000000000013,0.00016377359648005573
1.6900000000000013,0.00018724285985744483
1.7000000000000013,0.00017146393998670139
1.7100000000000013,0.00018365239812365435
1.7200000000000013,0.00017884047077716477
1.730000000000001,0.00018201495630499053
1.740000000000001,0.00018403618675272719
1.750000000000001,0.00018277529856798385
1.7600000000000011,0.0001872474451293925
1.7700000000000014,0.00018521523186120409
1.7800000000000014,0.00018941773898099369
1.7900000000000014,0.0001883706335250695
1.8000000000000014,0.00019137402369083043
1.8100000000000012,0.00019157926732121406
1.8200000000000012,0.00019353743888128385
1.8300000000000012,0.0001945840572772253
1.8400000000000012,0.00019598693035874934
1.8500000000000012,0.00019739086300845672
1.8600000000000012,0.00019863577473671717
1.8700000000000012,0.0002000950212313181
1.8800000000000012,0.0002013732757860305
1.8900000000000012,0.0002027775322450114
1.9000000000000012,0.00020412786026889021
1.9100000000000013,0.0002054755033922582
1.9200000000000013,0.00020687160589250651
1.9300000000000013,0.00020819299294080608
1.9400000000000013,0.0002096018075166767
1.9500000000000013,0.00021092065984374802
1.9600000000000013,0.00021232348534816055
1.9700000000000013,0.00021364887242811433
1.980000000000001,0.00021504063982799929
1.990000000000001,0.00021637225924896804
2.0000000000000013,0.00021775454666829282
2.0100000000000007,0.00021908928486888188
2.020000000000001,0.00022046502567867713
2.0300000000000007,0.00022180049716665807
2.0400000000000005,0.00022317190462184906
2.0500000000000003,0.00022450725272540566
2.06,0.00022587573584772154
2.07,0.00022721121515530875
2.08,0.00022857788215936275
2.0899999999999994,0.00022991430554714545
2.099999999999999,0.00023128034523998677
2.109999999999999,0.0002326187723372087
2.1199999999999988,0.00023398558466625194
2.1299999999999986,0.0002353272245210877
2.1399999999999983,0.00023669640408922497
2.149999999999998,0.00023804260801302444
2.1599999999999975,0.00023941589037116299
2.1699999999999977,0.000240768153868119
2.179999999999997,0.0002421473742696913
2.1899999999999973,0.0002435073241035358
2.1999999999999966,0.00024489439429415847
2.209999999999997,0.00024626376509307005
2.2199999999999966,0.0002476606592323004
2.2299999999999964,0.0002490412684591391
2.239999999999996,0.0002504500109216815
2.249999999999996,0.00025184373662496954
2.259999999999996,0.00025326638925954965
2.269999999999996,0.0002546751510802365
2.279999999999996,0.00025611380016316433
2.289999999999995,0.0002575395426208653
2.299999999999995,0.00025899628624990323
2.3099999999999947,0.00026044096344134246
2.3199999999999945,0.00026191789975040295
2.3299999999999943,0.0002633834610362541
2.339999999999994,0.00026488267724209116
2.3499999999999934,0.00026637105373072555
2.3599999999999937,0.0002678946158881963
2.369999999999993,0.0002694077076137094
2.379999999999993,0.0002709576509664013
2.389999999999993,0.00027249731461703654
2.399999999999993,0.00027407563445473406
2.4099999999999926,0.00027564367149611826
2.4199999999999924,0.000277252314457338
2.429999999999992,0.000278850459486848
2.439999999999992,0.0002804913152372952
2.449999999999992,0.00028212122440872595
2.4599999999999915,0.00028379611764878986
2.4699999999999918,0.0002854593570079849
2.479999999999991,0.00028717003974828437
2.489999999999991,0.00028886807333149546
2.4999999999999907,0.00029061621737704784
2.5099999999999905,0.000292350394896427
2.5199999999999902,0.0002941375845193235
2.52999999999999,0.0002959091284728518
2.53999999999999,0.0002977368532242496
2.5499999999999896,0.00029954684525019263
2.5599999999999894,0.0003014164929090582
2.5699999999999887,0.00030326585918524985
2.579999999999989,0.0003051787088430375
2.5899999999999888,0.00030706820433569856
2.5999999999999885,0.0003090254196327696
2.6099999999999883,0.0003109556109598435
2.619999999999988,0.00031295823352720626
2.629999999999988,0.00031492948019712363
2.639999999999988,0.00031697842337072524
2.6499999999999875,0.00031899085711244434
2.6599999999999877,0.00032108690003487665
2.669999999999987,0.0003231404019329814
2.679999999999987,0.0003252841842040908
2.689999999999986,0.00032737835927884926
2.6999999999999864,0.0003295703763427883
2.709999999999986,0.000331704525201051
2.719999999999986,0.00033394512476685504
2.7299999999999858,0.0003361182118937266
2.7399999999999856,0.00033840759171220776
2.7499999999999853,0.00034061820989161255
2.7599999999999847,0.00034295641734211296
2.769999999999985,0.00034520274764168903
2.7799999999999847,0.00034758968167771274
2.7899999999999845,0.0003498694483581698
2.7999999999999843,0.0003523048644760651
2.809999999999984,0.00035461528405578504
2.819999999999984,0.00035709880313737803
2.829999999999984,0.0003594365267390356
2.8399999999999834,0.00036196764876955315
2.849999999999983,0.00036432869676835414
2.859999999999983,0.0003669068206884412
2.869999999999983,0.00036928650846498634
2.8799999999999826,0.00037191095960623885
2.8899999999999824,0.0003743038130862627
2.899999999999982,0.00037697387999346597
2.9099999999999815,0.00037937353940078555
2.9199999999999817,0.00038208852215216985
2.929999999999981,0.00038448763218970605
2.9399999999999813,0.000387246904709968
2.9499999999999806,0.00038963698911286573
2.959999999999981,0.00039244007841753123
2.9699999999999807,0.0003948113965291648
2.9799999999999804,0.0003976580823228777
2.98999999999998,0.000399999465034513
2.99999999999998,0.0004028899036072442
3.00999999999998,0.0004051885656412106
3.01999999999998,0.0004081234426027023
3.02999999999998,0.0004103647678656937
3.039999999999979,0.00041334548478425757
3.0499999999999794,0.00041551278112680754
3.0599999999999787,0.00041854168180405243
3.0699999999999785,0.00042061590130979497
3.0799999999999783,0.0004236965438939425
3.089999999999978,0.00042565596469563944
3.0999999999999774,0.0004287934463034426
3.1099999999999777,0.00043061331192382785
3.119999999999977,0.0004338146526539852
3.129999999999977,0.0004354667652034898
3.1399999999999766,0.0004387413584655129
3.149999999999977,0.00044019362263959333
3.1599999999999766,0.00044355375805579095
3.1699999999999764,0.0004447696742906383
3.179999999999976,0.00044823113847466766
3.189999999999976,0.00044916924550753555
3.199999999999976,0.0004527520038395725
3.2099999999999755,0.0004533652740651261
3.2199999999999758,0.0004570942333769484
3.229999999999975,0.00045732942886654316
3.239999999999975,0.000461235276103445
3.2499999999999747,0.00046103227934162606
3.2599999999999745,0.0004651523843515514
3.2699999999999743,0.0004644435262156524
3.279999999999974,0.00046882288736697735
3.2899999999999734,0.0004675323059098976
3.2999999999999736,0.00047222450471876525
3.3099999999999734,0.0004702675827224206
3.3199999999999728,0.0004753356974541415
3.329999999999973,0.00047261864444733063
3.3399999999999728,0.0004781360524960054
3.349999999999973,0.00047455571866036357
3.3599999999999723,0.0004806066928635548
3.369999999999972,0.0004760507277558445
3.379999999999972,0.0004827307031789371
3.389999999999972,0.0004770782006561529
3.3999999999999715,0.0004844935560812847
3.4099999999999717,0.00047761635729697493
3.419999999999971,0.0004858835216810753
3.429999999999971,0.0004776483775747699
3.43999999999997,0.00048689203889401285
3.4499999999999704,0.00047716385841084817
3.45999999999997,0.0004875140250975301
3.46999999999997,0.00047616044928301584
3.47999999999997,0.0004877480999312885
3.4899999999999696,0.0004746456366422588
3.4999999999999694,0.0004875967010110017
3.5099999999999687,0.0004726386194869046
3.519999999999969,0.0004870660748888688
3.5299999999999687,0.0004701721808393153
3.5399999999999685,0.0004861661372144035
3.5499999999999683,0.00046729441293530947
3.559999999999968,0.00048491021192129824
3.569999999999968,0.00046407009927266856
3.579999999999968,0.0004833146812372075
3.5899999999999674,0.0004605814999726542
3.5999999999999672,0.00048139860563344976
3.609999999999967,0.0004569282375795132
3.6199999999999672,0.0004791834025173152
3.629999999999967,0.00045322595420721457
3.6399999999999664,0.00047669270070518975
3.6499999999999666,0.00044960342941827435
3.6599999999999655,0.0004739525067371541
3.6699999999999657,0.0004461979352509227
3.6799999999999655,0.0004709918196404224
3.689999999999965,0.0004431487806599123
3.6999999999999647,0.0004678438011035481
3.709999999999965,0.00044058926758298015
3.7199999999999647,0.00046454753790966906
3.729999999999965,0.0004386376205943218
3.739999999999964,0.0004611503157090271
3.749999999999964,0.0004373878003461978
3.759999999999964,0.0004577101597160436
3.769999999999964,0.0004369013705409609
3.7799999999999634,0.00045429820446290684
3.789999999999963,0.0004372016541381264
3.7999999999999634,0.00045100026558691586
3.8099999999999623,0.00043827121385748267
3.8199999999999625,0.00044791685533688777
3.8299999999999614,0.00044005322853492854
3.8399999999999617,0.00044516087984246874
3.8499999999999615,0.00044245670554382284
3.8599999999999617,0.00044285244772619985
3.8699999999999615,0.0004453648296935472
3.879999999999961,0.0004411106482277701
3.8899999999999606,0.00044864526504570176
3.899999999999961,0.00044004279954759314
3.9099999999999606,0.00045216100371985154
3.91999999999996,0.0004397324088825463
3.92999999999996,0.0004557804128630939
3.93999999999996,0.00044022771591268917
3.94999999999996,0.0004593854087731244
3.95999999999996,0.00044153296389668096
3.9699999999999593,0.0004628770869710319
3.979999999999959,0.0004436042755147006
3.9899999999999594,0.0004661785629226663
3.999999999999959,0.0004463511978057651
4.009999999999959,0.0004692351590781997
4.01999999999996,0.00044964383071870694
4.029999999999959,0.00047201237067574407
4.039999999999958,0.0004533243201331065
4.049999999999958,0.00047449223932903724
4.059999999999958,0.0004572207204240529
4.069999999999958,0.0004766688565161482
4.0799999999999566,0.0004611610012239653
4.089999999999957,0.0004785437123223606
4.099999999999957,0.00046498526507070633
4.109999999999957,0.00048012150677273756
4.119999999999957,0.00046855487819603145
4.129999999999956,0.00048140687078504344
4.139999999999956,0.0004717579631009327
4.149999999999956,0.00048240223045270346
4.159999999999956,0.0004745113639796539
4.169999999999956,0.00048310683021734335
4.179999999999955,0.0004767596630689406
4.189999999999955,0.00048351674586055124
4.199999999999954,0.00047847206845624395
4.209999999999955,0.00048362559691280597
4.2199999999999545,0.00047963804059487463
4.229999999999953,0.0004834256226546449
4.239999999999954,0.0004802624323829316
4.249999999999954,0.0004829088109954435
4.259999999999954,0.00048036074744025155
4.269999999999953,0.00048206784575808724
4.279999999999953,0.000479954925382417
4.289999999999953,0.00048089673820882385
4.299999999999953,0.00047906987874304333
4.3099999999999525,0.00047939110754419156
4.319999999999952,0.00047773085610264136
4.329999999999952,0.00047754815312528595
4.339999999999952,0.00047596159926811295
4.349999999999952,0.000475366408522785
4.359999999999952,0.0004737831983890051
4.369999999999951,0.00047284538391909194
4.379999999999951,0.00047121352039098427
4.389999999999951,0.0004699851953777605
4.3999999999999515,0.00046826708220000334
4.40999999999995,0.0004667862568630624
4.41999999999995,0.0004649552508379926
4.42999999999995,0.0004632490832434161
4.43999999999995,0.00046128666882059324
4.4499999999999496,0.0004593742260940905
4.4599999999999485,0.00045726782121135225
4.469999999999949,0.0004551623425651658
4.479999999999949,0.00045290367782153815
4.489999999999949,0.0004506143812367498
4.4999999999999485,0.00044819835979502875
4.509999999999948,0.00044573185834946886
4.519999999999948,0.00044315579377416384
4.529999999999948,0.00044051719222585684
4.539999999999948,0.0004377803279414421
4.549999999999947,0.0004349740632906436
4.559999999999947,0.00043207729254992266
4.569999999999947,0.0004291077707429051
4.579999999999947,0.0004260534929212092
4.589999999999947,0.0004229255630871605
4.5999999999999455,0.00041971762687552226
4.609999999999945,0.00041643692650099643
4.619999999999946,0.0004130806220524568
4.629999999999946,0.0004096538209268884
4.6399999999999455,0.00040615589227099765
4.649999999999944,0.0004025908581638112
4.659999999999945,0.0003989595157125285
4.669999999999945,0.0003952654197075163
4.679999999999945,0.0003915103407822802
4.689999999999944,0.0003876977148757705
4.699999999999944,0.00038383002711570567
4.709999999999944,0.0003799107826478816
4.719999999999944,0.0003759430298377451
4.729999999999944,0.00037193044272448167
4.739999999999944,0.00036787653485345097
4.749999999999943,0.0003637852031067409
4.759999999999943,0.0003596603525588326
4.769999999999944,0.00035550613168780265
4.779999999999943,0.00035132677690314496
4.789999999999942,0.0003471266987547102
4.799999999999942,0.00034291041627488434
4.809999999999942,0.0003386825959876479
4.819999999999942,0.0003344480018570016
4.8299999999999415,0.0003302115358719653
4.839999999999941,0.0003259781775501761
4.849999999999941,0.00032175303380065415
4.859999999999941,0.0003175412735980498
4.869999999999941,0.0003133481734189886
4.87999999999994,0.00030917906360888864
4.88999999999994,0.00030503935381541593
4.89999999999994,0.00030093450218445194
4.90999999999994,0.00029687001500788515
4.91999999999994,0.00029285143805710866
4.929999999999939,0.00028888433591890136
4.939999999999939,0.00028497429562286604
4.949999999999938,0.0002811268969148807
4.959999999999939,0.00027734771612020995
4.9699999999999385,0.00027364229747506476
4.979999999999937,0.00027001614888567374
4.989999999999938,0.0002664747191790361
4.999999999999938,0.000263023383376595
5.009999999999938,0.0002596674252646534
5.019999999999937,0.0002564120144864131
5.029999999999937,0.0002532621909369872
5.039999999999937,0.00025022283773267954
5.049999999999937,0.0002472986640393882
5.0599999999999365,0.000244494177457467
5.069999999999936,0.00024181366368304438
5.079999999999936,0.00023926116038978823
5.089999999999936,0.00023684043437427962
5.099999999999936,0.00023455495783379564
5.109999999999936,0.0002324078850942561
5.119999999999935,0.00023040203185490914
5.129999999999935,0.00022853985418876192
5.139999999999935,0.00022682343158601207
5.1499999999999355,0.00022525445069332742
5.159999999999934,0.00022383419342535962
5.169999999999934,0.0002225635273516356
5.179999999999934,0.00022144290031816401
5.189999999999934,0.00022047233865523776
5.199999999999934,0.0002196514494573968
5.2099999999999325,0.00021897942711038314
5.219999999999933,0.00021845506366606113
5.229999999999933,0.00021807676343219928
5.239999999999933,0.00021784256105611427
5.2499999999999325,0.00021775014320946998
5.259999999999932,0.00021779687316550133
5.269999999999932,0.00021797981802789876
5.279999999999932,0.00021829577797338005
5.289999999999932,0.00021874131704467957
5.299999999999931,0.00021931279495105295
5.309999999999931,0.00022000639930014207
5.319999999999931,0.0002208181778142441
5.329999999999931,0.00022174407000536404
5.339999999999931,0.00022277993792988915
5.3499999999999295,0.00022392159562991976
5.359999999999929,0.0002251648369724832
5.36999999999993,0.0002265054616389782
5.37999999999993,0.00022793929908265708
5.3899999999999295,0.00022946223033967677
5.399999999999928,0.00023107020763053814
5.409999999999929,0.00023275927171907056
5.419999999999929,0.0002345255670788835
5.429999999999929,0.00023636535490731197
5.439999999999928,0.00023827502409391602
5.449999999999928,0.0002402511002447622
5.459999999999928,0.00024229025289972946
5.469999999999928,0.0002443893010737331
5.479999999999928,0.00024654521728111154
5.489999999999928,0.0002487551301783955
5.499999999999927,0.0002510163259746827
5.509999999999927,0.0002533262487575307
5.519999999999928,0.0002556824998652044
5.529999999999927,0.00025808283643068906
5.539999999999926,0.00026052516922881857
5.549999999999926,0.0002630075599152797
5.559999999999926,0.00026552821778496764
5.569999999999926,0.00026808549611596064
5.5799999999999255,0.00027067788819758784
5.589999999999924,0.00027330402310387177
5.599999999999925,0.00027596266128389335
5.609999999999925,0.0002786526900208196
5.619999999999925,0.00028137311880930383
5.629999999999924,0.00028412307469148705
5.639999999999924,0.00028690179759160035
5.649999999999924,0.00028970863567150823
5.659999999999924,0.0002925430407404384
5.669999999999924,0.00029540456373428937
5.679999999999923,0.00029829285028388196
5.689999999999923,0.0003012076363828459
5.699999999999922,0.0003041487441690127
5.709999999999923,0.00030711607782564005
5.7199999999999225,0.0003101096196020728
5.729999999999921,0.0003131294259730158
5.739999999999921,0.0003161756239187232
5.749999999999922,0.0003192484073417177
5.759999999999922,0.0003223480336135857
5.769999999999921,0.0003254748202489453
5.779999999999921,0.0003286291417089251
5.789999999999921,0.00033181142632466594
5.799999999999921,0.000335022153344329
5.809999999999921,0.00033826185009478495
5.81999999999992,0.0003415310892559925
5.82999999999992,0.00034483048624093984
5.83999999999992,0.0003481606966776836
5.84999999999992,0.00035152241399332313
5.85999999999992,0.0003549163670846795
5.869999999999919,0.00035834331807838726
5.879999999999919,0.0003618040601749095
5.889999999999919,0.0003652994155662256
5.8999999999999195,0.0003688302334274268
5.909999999999918,0.00037239738797470353
5.919999999999918,0.00037600177658414475
5.929999999999918,0.00037964431796739406
5.939999999999918,0.0003833259503983944
5.949999999999918,0.00038704762998740324
5.9599999999999165,0.0003908103289957617
5.969999999999917,0.00039461503418708786
5.979999999999917,0.0003984627452103118
5.989999999999917,0.000402354473011171
5.9999999999999165,0.00040629123826328256
6.009999999999916,0.0004102740698194852
6.019999999999916,0.0004143040031722682
6.029999999999916,0.0004183820789279302
6.039999999999916,0.0004225093412753391
6.0499999999999154,0.00042668683646484884
6.059999999999915,0.0004309156112684123
6.069999999999915,0.0004351967114406202
6.079999999999915,0.00043953118015474383
6.089999999999915,0.0004439200564251362
6.0999999999999135,0.00044836437350268855
6.109999999999913,0.00045286515723774767
6.119999999999914,0.00045742342441147595
6.129999999999914,0.00046204018102929945
6.1399999999999135,0.0004667164205620942
6.149999999999912,0.00047145312214941514
6.159999999999913,0.0004762512487375905
6.169999999999913,0.00048111174516703745
6.179999999999913,0.0004860355361856253
6.1899999999999125,0.0004910235244036962
6.199999999999912,0.0004960765881617757
6.209999999999912,0.0005011955793274262
6.219999999999912,0.0005063813210045103
6.229999999999912,0.0005116346051437236
6.239999999999912,0.0005169561900695158
6.249999999999911,0.0005223467978950887
6.259999999999911,0.0005278071118331151
6.269999999999912,0.00053333777339525
6.279999999999911,0.0005389393794705879
6.28999999999991,0.000544612479281998
6.29999999999991,0.0005503575712139698
6.30999999999991,0.0005561750995064445
6.31999999999991,0.0005620654508039918
6.3299999999999095,0.0005680289505653526
6.339999999999908,0.0005740658593240439
6.349999999999909,0.0005801763687905943
6.359999999999909,0.0005863605977936143
6.369999999999909,0.000592618588066313
6.379999999999908,0.0005989502998553864
6.389999999999908,0.0006053556073667409
6.399999999999908,0.0006118342940315636
6.409999999999908,0.0006183860475945509
6.419999999999908,0.0006250104550295403
6.429999999999907,0.000631706997267948
6.439999999999907,0.0006384750437444319
6.449999999999906,0.0006453138467669401
6.459999999999907,0.0006522225356996268
6.4699999999999065,0.0006592001109744886
6.479999999999905,0.0006662454379121594
6.489999999999905,0.0006733572403869004
6.499999999999906,0.0006805340943142363
6.509999999999906,0.0006877744209937125
6.519999999999905,0.0006950764802748787
6.529999999999905,0.0007024383636159301
6.539999999999905,0.0007098579869856291
6.549999999999905,0.0007173330836805986
6.559999999999905,0.000724861197016922
6.569999999999904,0.0007324396729935282
6.579999999999904,0.0007400656528341419
6.589999999999904,0.0007477360655866056
6.599999999999904,0.0007554476206417486
6.609999999999904,0.0007631968003680988
6.619999999999903,0.00077097985273786
6.629999999999903,0.0007787927841545189
6.639999999999903,0.0007866313523427058
6.6499999999999035,0.000794491059534099
6.659999999999902,0.0008023671458383923
6.669999999999902,0.0008102545830072449
6.679999999999902,0.0008181480685057864
6.689999999999902,0.0008260420201323368
6.699999999999902,0.000833930571063159
6.7099999999999005,0.0008418075656377331
6.719999999999901,0.0008496665557054283
6.729999999999901,0.0008575007979321366
6.739999999999901,0.0008653032518316364
6.7499999999999005,0.0008730665790003304
6.7599999999999,0.0008807831432628949
6.7699999999999,0.0008884450123108906
6.7799999999999,0.0008960439604451213
6.7899999999999,0.0009035714731201919
6.7999999999999,0.0009110187528351387
6.809999999999899,0.0009183767271512325
6.819999999999899,0.0009256360583061677
6.829999999999899,0.0009327871553394813
6.839999999999899,0.000939820188012212
6.8499999999998975,0.0009467251037023498
6.859999999999897,0.0009534916463035135
6.869999999999898,0.0009601093784993222
6.879999999999898,0.0009665677063138527
6.8899999999998975,0.0009728559074379955
6.899999999999896,0.000978963162025807
6.909999999999897,0.000984878587696287
6.919999999999897,0.000990591277135444
6.929999999999897,0.0009960903403396493
6.9399999999998965,0.0010013649494473723
6.949999999999896,0.001006404388641324
6.959999999999896,0.0010111981065386735
6.969999999999896,0.0010157357739380586
6.979999999999896,0.0010200073438372903
6.989999999999896,0.0010240031170011576
6.999999999999895,0.0010277138093563484
7.009999999999895,0.001031130625021955
7.019999999999895,0.001034245330386319
7.029999999999895,0.0010370503337922088
7.039999999999894,0.001039538765196056
7.049999999999894,0.0010417045610928417
7.059999999999894,0.001043542548014106
7.069999999999894,0.001045048530674916
7.0799999999998935,0.0010462193769041604
7.089999999999892,0.0010470531062003676
7.099999999999893,0.0010475489728235603
7.109999999999893,0.0010477075511836104
7.119999999999893,0.001047530812967256
7.129999999999892,0.0010470222048175285
7.139999999999892,0.0010461867144878204
7.149999999999892,0.0010450309354138611
7.159999999999892,0.0010435631159845438
7.169999999999892,0.001041793204751891
7.179999999999891,0.0010397328762527017
7.189999999999891,0.0010373955499368192
7.19999999999989,0.0010347963854729712
7.20999999999989,0.0010319522682913323
7.21999999999989,0.0010288817672895218
7.229999999999889,0.001025605080110833
7.239999999999889,0.001022143946906434
7.249999999999892,0.0010185215495607186
7.25999999999989,0.0010147623767307083
7.269999999999889,0.0010108920733619812
7.279999999999889,0.0010069372549608422
7.28999999999989,0.001002925307017969
7.299999999999888,0.0009988841505158875
7.309999999999888,0.0009948419954065768
7.319999999999888,0.0009908270644579805
7.329999999999888,0.0009868673106146937
7.339999999999888,0.0009829901122111431
7.349999999999886,0.00097922197005652
7.359999999999887,0.000975588193093061
7.369999999999886,0.0009721125967104485
7.379999999999886,0.0009688172028725801
7.389999999999888,0.0009657219651154137
7.399999999999887,0.0009628445098306143
7.4099999999998865,0.0009601999144956536
7.419999999999886,0.0009578005159678328
7.429999999999886,0.0009556557657542955
7.439999999999885,0.0009537721262998292
7.449999999999885,0.0009521530203085927
7.4599999999998845,0.0009507988274011305
7.469999999999885,0.000949706934457002
7.479999999999885,0.0009488718338654869
7.489999999999885,0.000948285270295475
7.4999999999998845,0.0009479364300862979
7.509999999999885,0.0009478121688380277
7.519999999999885,0.0009478972715578179
7.529999999999885,0.0009481747370534474
7.539999999999883,0.0009486260818641312
7.5499999999998835,0.0009492316530213699
7.559999999999883,0.0009499709464885109
7.569999999999883,0.0009508229196961368
7.579999999999882,0.0009517662969951428
7.589999999999882,0.000952779856843857
7.5999999999998815,0.0009538427017212547
7.609999999999881,0.0009549345008733457
7.619999999999882,0.0009560357088244
7.629999999999882,0.0009571277515609623
7.6399999999998816,0.0009581931849771338
7.649999999999881,0.0009592158194195276
7.659999999999882,0.0009601808159840025
7.669999999999882,0.000961074750269464
7.67999999999988,0.0009618856498592195
7.68999999999988,0.0009626030027873604
7.69999999999988,0.0009632177434255056
7.70999999999988,0.0009637222143153986
7.719999999999878,0.0009641101101270466
7.729999999999879,0.0009643764032824357
7.7399999999998785,0.0009645172568368121
7.749999999999878,0.0009645299248962627
7.759999999999878,0.0009644126454292248
7.769999999999879,0.0009641645261672865
7.779999999999879,0.0009637854277473927
7.789999999999878,0.0009632758448759259
7.799999999999878,0.0009626367889186403
7.809999999999879,0.000961869672725468
7.819999999999877,0.0009609762003280821
7.829999999999877,0.0009599582621268327
7.839999999999876,0.0009588178376043803
7.849999999999877,0.000957556905860471
7.859999999999877,0.0009561773654024872
7.869999999999875,0.0009546809632799301
7.8799999999998755,0.0009530692343149217
7.889999999999875,0.0009513434503805694
7.899999999999875,0.0009495045798753038
7.909999999999875,0.000947553257191721
7.919999999999876,0.0009454897618822472
7.929999999999875,0.0009433140071226312
7.939999999999875,0.0009410255369298012
7.949999999999875,0.0009386235314470017
7.959999999999874,0.0009361068197332658
7.969999999999874,0.0009334738991052886
7.979999999999873,0.0009307229604409736
7.989999999999873,0.0009278519184388507
7.999999999999875,0.0009248584461715013
8.009999999999874,0.0009217400130475949
8.019999999999873,0.0009184939252039503
8.029999999999873,0.0009151173680630652
8.039999999999873,0.0009116074497376025
8.049999999999873,0.0009079612450666018
8.059999999999873,0.0009041758393488692
8.069999999999872,0.0009002483714461636
8.079999999999872,0.0008961760755916733
8.089999999999872,0.000891956321535934
8.09999999999987,0.0008875866526689037
8.10999999999987,0.0008830648217251814
8.11999999999987,0.0008783888239272061
8.129999999999871,0.0008735569272337036
8.139999999999873,0.0008685676996908084
8.14999999999987,0.0008634200336424709
8.15999999999987,0.0008581131668923412
8.16999999999987,0.000852646700697971
8.17999999999987,0.0008470206146603074
8.189999999999868,0.0008412352786343542
8.19999999999987,0.0008352914615958049
8.20999999999987,0.0008291903377911768
8.21999999999987,0.0008229334900870444
8.229999999999869,0.0008165229108445295
8.239999999999869,0.0008099610003893941
8.249999999999869,0.0008032505632561034
8.259999999999868,0.0007963948024492447
8.269999999999868,0.0007893973118199737
8.27999999999987,0.0007822620668264242
8.289999999999868,0.0007749934138590685
8.299999999999867,0.000767596058249051
8.309999999999867,0.000760075051141826
8.319999999999867,0.0007524357755260942
8.329999999999865,0.0007446839314888389
8.339999999999865,0.0007368255208658595
8.349999999999866,0.0007288668314919686
8.359999999999866,0.0007208144210989394
8.369999999999866,0.0007126751011294221
8.379999999999866,0.0007044559204534007
8.389999999999866,0.0006961641492028781
8.399999999999865,0.0006878072627446532
8.409999999999865,0.0006793929259495277
8.419999999999865,0.0006709289777959717
8.429999999999865,0.0006624234163715162
8.439999999999864,0.0006538843843478109
8.449999999999864,0.0006453201549454838
8.459999999999864,0.0006367391184481239
8.469999999999864,0.0006281497692571901
8.479999999999862,0.0006195606934640602
8.489999999999862,0.000610980557018257
8.499999999999863,0.0006024180944103434
8.509999999999863,0.0005938820978153875
8.519999999999863,0.0005853814066967151
8.529999999999863,0.0005769248977892158
8.539999999999862,0.0005685214754081188
8.549999999999862,0.0005601800619720505
8.559999999999862,0.000551909588646915
8.56999999999986,0.0005437189860310501
8.579999999999862,0.0005356171747199583
8.589999999999861,0.0005276130556394864
8.599999999999861,0.0005197155000606208
8.60999999999986,0.0005119333389940533
8.619999999999859,0.000504275351953634
8.629999999999859,0.000496750254888993
8.639999999999858,0.0004893666870849294
8.64999999999986,0.0004821331968871437
8.65999999999986,0.0004750582261501397
8.66999999999986,0.0004681500931874674
8.67999999999986,0.0004614169741344727
8.68999999999986,0.00045486688265131353
8.699999999999859,0.0004485076478544185
8.709999999999857,0.0004423468904473866
8.719999999999857,0.0004363919971121927
8.729999999999858,0.0004306500931815834
8.739999999999858,0.0004251280137223319
8.74999999999986,0.0004198322733041706
8.759999999999858,0.0004147690346020932
8.769999999999857,0.0004099440762843473
8.779999999999857,0.000405362760546278
8.789999999999857,0.0004010300007824525
8.799999999999857,0.0003969502299882298
8.809999999999857,0.0003931273704606898
8.819999999999856,0.0003895648054647659
8.829999999999856,0.0003862653535610832
8.839999999999856,0.00038323124622534853
8.849999999999856,0.00038046410945052537
8.859999999999854,0.00037796494991788947
8.869999999999854,0.0003757341462783501
8.879999999999855,0.0003737714459607323
8.889999999999857,0.00037207596786724705
8.899999999999855,0.0003706462111059856
8.909999999999854,0.0003694800698051059
8.919999999999854,0.0003685748539096289
8.929999999999854,0.0003679273156865936
8.939999999999852,0.00036753368152504356
8.949999999999854,0.0003673896885441256
8.959999999999853,0.0003674906253060918
8.969999999999853,0.0003678313759456032
8.979999999999853,0.000368406466950376
8.989999999999853,0.00036921011573160174
8.999999999999853,0.0003702362802270698
9.009999999999852,0.0003714787087235063
9.019999999999852,0.00037293098915383387
9.029999999999854,0.00037458659720343096
9.039999999999853,0.00037643894261904656
9.049999999999853,0.0003784814132190559
9.059999999999853,0.0003807074161940197
9.069999999999853,0.00038311041637622455
9.07999999999985,0.00038568397123676506
9.089999999999849,0.0003884217625005512
9.09999999999985,0.0003913176242963511
9.10999999999985,0.00039436556786435844
9.11999999999985,0.00039755980288897413
9.12999999999985,0.00040089475557874123
9.139999999999848,0.0004043650836528303
9.149999999999848,0.00040796568842708887
9.159999999999847,0.0004116917242101168
9.169999999999849,0.00041553860522515294
9.179999999999849,0.00041950201031036496
9.189999999999849,0.0004235778855912624
9.199999999999848,0.00042776244538901456
9.209999999999848,0.0004320521715567867
9.21999999999985,0.00043644381145850885
9.229999999999848,0.00044093437478752147
9.239999999999847,0.00044552112940175086
9.249999999999847,0.00045020159633331336
9.259999999999849,0.00045497354413113263
9.269999999999847,0.0004598349826701287
9.279999999999847,0.0004647841565376848
9.289999999999846,0.00046981953811015947
9.299999999999846,0.0004749398204219692
9.309999999999846,0.00048014390988228035
9.319999999999844,0.00048543091893775507
9.329999999999844,0.0004908001587182963
9.339999999999844,0.0004962511317317781
9.349999999999843,0.0005017835246345422
9.359999999999845,0.0005073972011315387
9.369999999999843,0.0005130921950128228
9.379999999999843,0.0005188687033644058
9.389999999999842,0.000524727079961313
9.399999999999844,0.0005306678288632777
9.409999999999844,0.0005366915982132594
9.419999999999844,0.000542799174251643
9.429999999999843,0.0005489914755449345
9.439999999999843,0.0005552695474332543
9.449999999999843,0.0005616345566859835
9.459999999999843,0.000568087786376892
9.46999999999984,0.0005746306309578316
9.479999999999842,0.0005812645915378224
9.489999999999842,0.0005879912713538109
9.499999999999842,0.0005948123714268402
9.50999999999984,0.0006017296863960693
9.51999999999984,0.0006087451005232906
9.52999999999984,0.0006158605838480914
9.53999999999984,0.0006230781885068015
9.54999999999984,0.0006304000451760795
9.55999999999984,0.0006378283596547922
9.56999999999984,0.0006453654095619366
9.57999999999984,0.0006530135411450399
9.58999999999984,0.0006607751661807788
9.59999999999984,0.000668652758970923
9.60999999999984,0.0006766488534073556
9.61999999999984,0.0006847660401099003
9.62999999999984,0.0006930069636118771
9.63999999999984,0.0007013743195948345
9.649999999999839,0.0007098708521523803
9.659999999999838,0.0007184993510784873
9.669999999999838,0.0007272626491625642
9.679999999999838,0.000736163619489225
9.689999999999838,0.0007452051727148264
9.699999999999838,0.000754390254333684
9.709999999999837,0.0007637218418905749
9.719999999999837,0.0007732029421610266
9.729999999999837,0.0007828365882555104
9.739999999999837,0.0007926258366607302
9.749999999999837,0.0008025737641861884
9.759999999999836,0.0008126834648152094
9.769999999999836,0.000822958046432796
9.779999999999838,0.0008334006274396084
9.789999999999837,0.0008440143332050696
9.799999999999837,0.0008548022923789457
9.809999999999837,0.0008657676330138878
9.819999999999837,0.0008769134785153562
9.829999999999835,0.0008882429433678227
9.839999999999833,0.0008997591286578516
9.849999999999834,0.000911465117336503
9.859999999999834,0.0009233639692470376
9.869999999999834,0.0009354587158511688
9.879999999999834,0.0009477523546906259
9.889999999999832,0.0009602478434991712
9.899999999999832,0.0009729480940186346
9.909999999999831,0.000985855965419797
9.919999999999831,0.0009989742573910782
9.929999999999833,0.0010123057027825759
9.939999999999833,0.0010258529598792092
9.949999999999832,0.001039618604182388
9.959999999999832,0.0010536051197783181
9.969999999999834,0.0010678148901616567
9.979999999999832,0.0010822501886046368
9.989999999999831,0.001096913167931524
9.999999999999831,0.0011118058498011932
10.009999999999833,0.0011269301133204769
10.019999999999833,0.0011422876831494568
10.029999999999832,0.001157880116855737
10.03999999999983,0.0011737087917499348
10.04999999999983,0.0011897748908873361
10.05999999999983,0.0012060793885302922
10.06999999999983,0.001222623034713606
10.07999999999983,0.0012394063392541367
10.089999999999828,0.0012564295547840513
10.099999999999827,0.001273692659233495
10.109999999999827,0.0012911953372630215
10.119999999999829,0.001308936961159082
10.129999999999828,0.0013269165706041044
10.139999999999828,0.0013451328519511927
10.149999999999828,0.0013635841162904067
10.159999999999828,0.0013822682770997807
10.169999999999828,0.0014011828265913999
10.179999999999827,0.001420324811789822
10.189999999999827,0.0014396908091841947
10.199999999999829,0.0014592768992710847
10.209999999999829,0.0014790786396329293
10.219999999999828,0.0014990910380909426
10.229999999999826,0.0015193085243364536
10.239999999999826,0.0015397249219095636
10.249999999999826,0.0015603334185913269
10.259999999999826,0.0015811265375326076
10.269999999999824,0.0016020961067055334
10.279999999999824,0.0016232332296060915
10.289999999999823,0.0016445282541827718
10.299999999999825,0.0016659707436484654
10.309999999999825,0.0016875494454370633
10.319999999999824,0.0017092522628534715
10.329999999999824,0.0017310662247269303
10.339999999999824,0.0017529774587801226
10.349999999999824,0.0017749711628617718
10.359999999999824,0.001797031581086573
10.369999999999823,0.0018191419777079624
10.379999999999823,0.0018412846174124496
10.389999999999825,0.0018634407430101199
10.399999999999824,0.0018855905614604956
10.409999999999824,0.0019077132268710446
10.419999999999822,0.0019297868341001867
10.429999999999822,0.0019517884087305781
10.439999999999822,0.0019736939104084807
10.449999999999822,0.0019954782316895206
10.45999999999982,0.002017115213531457
10.46999999999982,0.0020385776551154157
10.47999999999982,0.002059837344207499
10.48999999999982,0.002080865080180474
10.49999999999982,0.0021016307222494197
10.50999999999982,0.002122103228017457
10.51999999999982,0.0021422507227300018
10.52999999999982,0.002162040555698298
10.53999999999982,0.0021814393938772354
10.54999999999982,0.002200413298398018
10.55999999999982,0.002218927845664136
10.56999999999982,0.0022369482258372607
10.57999999999982,0.0022544393946897735
10.58999999999982,0.0022713661954045427
10.599999999999818,0.002287693543785393
10.609999999999818,0.002303386573990805
10.619999999999818,0.002318410859115958
10.629999999999818,0.0023327325803079056
10.639999999999818,0.0023463187837379717
10.649999999999816,0.002359137571033929
10.659999999999815,0.0023711583922485075
10.669999999999815,0.002382352253650677
10.679999999999817,0.002392692044481944
10.689999999999817,0.0024021527557990577
10.699999999999816,0.002410711836488162
10.709999999999816,0.0024183494141395727
10.719999999999816,0.0024250486729850843
10.729999999999816,0.0024307960646720883
10.739999999999815,0.0024355816976576908
10.749999999999815,0.002439399522392288
10.759999999999817,0.0024422477181358553
10.769999999999817,0.002444128833732456
10.779999999999816,0.0024450501542381798
10.789999999999814,0.00244502377535742
10.799999999999814,0.0024440669287677376
10.809999999999814,0.0024422019659533275
10.819999999999814,0.002439456618407143
10.829999999999814,0.002435863865450194
10.839999999999812,0.0024314621039255744
10.849999999999811,0.002426294875600241
10.859999999999811,0.002420410921452297
10.869999999999813,0.0024138637479337957
10.879999999999812,0.0024067115443959643
10.889999999999812,0.002399016574897259
10.899999999999812,0.002390844944366298
10.909999999999812,0.0023822658142684436
10.919999999999812,0.002373351014619652
10.929999999999811,0.0023641740977542952
10.939999999999811,0.002354809809044695
10.949999999999813,0.002345333012740735
10.959999999999813,0.0023358180533169792
10.969999999999812,0.0023263376087282834
10.97999999999981,0.002316961994487518
10.98999999999981,0.0023077580196023476
10.99999999999981,0.0022987883029894724
11.00999999999981,0.002290110221530379
11.01999999999981,0.0022817753189295176
11.029999999999808,0.00227382843902592
11.039999999999807,0.0022663073065909015
11.049999999999809,0.002259241928928971
11.059999999999809,0.0022526544139200378
11.069999999999808,0.002246558698316774
11.079999999999808,0.002240960641289396
11.089999999999808,0.0022358581015767295
11.099999999999808,0.0022312413091721177
11.109999999999808,0.002227093271873718
11.119999999999807,0.0022233903906131616
11.129999999999807,0.002220103137142413
11.139999999999809,0.00221719684729139
11.149999999999809,0.0022146325829889273
11.159999999999808,0.002212368018583107
11.169999999999806,0.0022103583868380897
11.179999999999806,0.0022085573687249693
11.189999999999806,0.002206918025139634
11.199999999999806,0.002205393609465765
11.209999999999804,0.002203938401775551
11.219999999999803,0.0022025083819383895
11.229999999999803,0.002201061906193791
11.239999999999805,0.0021995602018008964
11.249999999999805,0.0021979678518139144
11.259999999999804,0.0021962530956543182
11.269999999999804,0.0021943881123004396
11.279999999999804,0.002192349131447954
11.289999999999804,0.0021901165253987677
11.299999999999804,0.0021876747508897364
11.309999999999803,0.002185012274417275
11.319999999999805,0.0021821213750015016
11.329999999999805,0.002178997936560969
11.339999999999804,0.0021756411471270474
11.349999999999802,0.002172053195927126
11.359999999999802,0.0021682389058885285
11.369999999999802,0.0021642053731588803
11.379999999999802,0.00215996156809135
11.389999999999802,0.0021555179523067764
11.3999999999998,0.0021508860795339643
11.4099999999998,0.00214607822074327
11.4199999999998,0.002141106991157374
11.4299999999998,0.0021359850082909066
11.4399999999998,0.002130724565594266
11.4499999999998,0.0021253373419936068
11.4599999999998,0.0021198341365409315
11.4699999999998,0.0021142246416810703
11.4799999999998,0.002108517247295315
11.4899999999998,0.0021027188838453927
11.4999999999998,0.0020968348985953315
11.5099999999998,0.0020908689692924493
11.5199999999998,0.0020848230504010357
11.5299999999998,0.002078697353335525
11.539999999999798,0.0020724903564416277
11.549999999999798,0.0020661988441595634
11.559999999999798,0.0020598179713926523
11.569999999999798,0.0020533413514231946
11.579999999999798,0.0020467611634012424
11.589999999999796,0.0020400682772813415
11.599999999999795,0.0020332523923181104
11.609999999999795,0.0020263021868512144
11.619999999999797,0.0020192054757979688
11.629999999999797,0.0020119493735696863
11.639999999999796,0.002004520459402249
11.649999999999796,0.0019969049428616146
11.659999999999796,0.0019890888272664693
11.669999999999796,0.0019810580689485803
11.679999999999795,0.001972798730797318
11.689999999999795,0.0019642971283336543
11.699999999999797,0.001955539967314048
11.709999999999797,0.0019465144716731783
11.719999999999796,0.0019372085010846613
11.729999999999794,0.001927610657602536
11.739999999999794,0.0019177103808809594
11.749999999999794,0.0019074980319936667
11.759999999999794,0.0018969649655544935
11.769999999999794,0.0018861035905352623
11.779999999999792,0.0018749074197957091
11.789999999999791,0.0018633711088009515
11.799999999999793,0.0018514904839983185
11.809999999999793,0.0018392625612055713
11.819999999999792,0.0018266855548363175
11.829999999999792,0.0018137588783089821
11.839999999999792,0.0018004831365975769
11.849999999999792,0.0017868601112890664
11.859999999999792,0.0017728927391473471
11.869999999999791,0.0017585850844905597
11.879999999999791,0.001743942306517853
11.889999999999793,0.0017289706219560889
11.899999999999793,0.0017136772636338587
11.909999999999792,0.0016980704358993445
11.91999999999979,0.0016821592671261252
11.92999999999979,0.001665953760210275
11.93999999999979,0.001649464741295532
11.94999999999979,0.0016327038074842833
11.959999999999788,0.0016156832737773672
11.969999999999787,0.0015984161199257526
11.979999999999787,0.0015809159373082907
11.989999999999789,0.001563196876328314
11.999999999999789,0.001545273594754802
12.009999999999788,0.0015271612070636455
12.019999999999788,0.0015088752352753324
12.029999999999788,0.0014904315612777282
12.039999999999788,0.0014718463810124546
12.049999999999788,0.0014531361605466904
12.059999999999787,0.0014343175942565292
12.069999999999787,0.0014154075651652241
12.079999999999789,0.0013964231075025767
12.089999999999788,0.0013773813716019428
12.099999999999786,0.0013582995910453133
12.109999999999786,0.0013391950521607842
12.119999999999786,0.0013200850658511031
12.129999999999786,0.001300986941638878
12.139999999999786,0.0012819179639074398
12.149999999999784,0.0012628953702758599
12.159999999999783,0.0012439363319894363
12.169999999999783,0.0012250579362151845
12.179999999999785,0.0012062771701297726
12.189999999999785,0.001187610906594759
12.199999999999784,0.0011690758913712465
12.209999999999784,0.0011506887315612569
12.219999999999784,0.0011324658851339963
12.229999999999784,0.0011144236513717467
12.239999999999783,0.0010965781619518172
12.249999999999783,0.001078945372407197
12.259999999999785,0.0010615410538342821
12.269999999999785,0.0010443807844324703
12.279999999999784,0.0010274799406449907
12.289999999999782,0.0010108536877822447
12.299999999999782,0.0009945169694844473
12.309999999999782,0.000978484496057159
12.319999999999782,0.000962770731267159
12.329999999999782,0.0009473898771932941
12.33999999999978,0.0009323558571526178
12.34999999999978,0.0009176822961282317
12.35999999999978,0.0009033824986401039
12.36999999999978,0.0008894694238149359
12.37999999999978,0.0008759556575500078
12.38999999999978,0.0008628533816062647
12.39999999999978,0.0008501743397129116
12.40999999999978,0.0008379298006409609
12.41999999999978,0.0008261305184226183
12.42999999999978,0.0008147866900244955
12.43999999999978,0.0008039079106990435
12.44999999999978,0.0007935031277217497
12.45999999999978,0.0007835805928792683
12.46999999999978,0.0007741478145103218
12.479999999999778,0.0007652115099530529
12.489999999999778,0.0007567775592357981
12.499999999999778,0.000748850961066451
12.509999999999778,0.0007414357922017988
12.519999999999778,0.0007345351711745599
12.529999999999776,0.0007281512275408926
12.539999999999775,0.0007222850776654484
12.549999999999775,0.0007169368079121744
12.559999999999777,0.0007121054662343211
12.569999999999776,0.0007077890626486047
12.579999999999776,0.0007039845792078776
12.589999999999776,0.0007006879896432145
12.599999999999776,0.0006978942887500769
12.609999999999776,0.0006955975313337295
12.619999999999775,0.0006937908801979386
12.629999999999775,0.0006924666626004468
12.639999999999777,0.000691616434234232
12.649999999999777,0.0006912310497167668
12.659999999999776,0.0006913007384428316
12.669999999999774,0.0006918151845008452
12.679999999999774,0.0006927636093778687
12.689999999999774,0.0006941348561375736
12.699999999999774,0.0006959174737873173
12.709999999999772,0.0006980998006389816
12.719999999999771,0.0007006700455909242
12.729999999999771,0.0007036163663126191
12.739999999999773,0.0007069269435443483
12.749999999999773,0.0007105900508189163
12.759999999999772,0.0007145941190653387
12.769999999999772,0.0007189277957487931
12.779999999999772,0.0007235799982791932
12.789999999999772,0.0007285399616210606
12.799999999999772,0.0007337972800923905
12.809999999999771,0.0007393419434700371
12.819999999999771,0.0007451643676059954
12.829999999999773,0.0007512554198243214
12.839999999999772,0.0007576064393825716
12.84999999999977,0.0007642092533891403
12.85999999999977,0.0007710561885233956
12.86999999999977,0.0007781400789622723
12.87999999999977,0.00078545427088733
12.88999999999977,0.0007929926239707876
12.899999999999768,0.0008007495101972
12.909999999999767,0.0008087198103862554
12.919999999999767,0.0008168989087382583
12.929999999999769,0.0008252826857194165
12.939999999999769,0.0008338675095691425
12.949999999999768,0.0008426502266862178
12.959999999999768,0.0008516281511328765
12.969999999999768,0.0008607990534576647
12.979999999999768,0.0008701611490384705
12.989999999999768,0.0008797130860892407
12.999999999999767,0.0008894539334931874
13.009999999999769,0.0008993831685710209
13.019999999999769,0.0009095006649006986
13.029999999999768,0.0009198066802694043
13.039999999999766,0.0009303018448418919
13.049999999999766,0.0009409871496022846
13.059999999999766,0.0009518639351219724
13.069999999999766,0.0009629338806967948
13.079999999999766,0.000974198993882273
13.089999999999764,0.000985661600453168
13.099999999999763,0.0009973243348055296
13.109999999999763,0.001009190130810907
13.119999999999765,0.0010212622131346774
13.129999999999765,0.0010335440890116886
13.139999999999764,0.0010460395404937497
13.149999999999764,0.0010587526171419227
13.159999999999764,0.001071687629188577
13.169999999999764,0.0010848491411313498
13.179999999999763,0.0010982419657592508
13.189999999999763,0.0011118711586165565
13.199999999999765,0.0011257420128540669
13.209999999999765,0.0011398600544990866
13.219999999999764,0.0011542310380902897
13.229999999999762,0.0011688609426922176
13.239999999999762,0.0011837559682514244
13.249999999999762,0.001198922532301607
13.259999999999762,0.0012143672669736145
13.269999999999762,0.0012300970163322375
13.27999999999976,0.001246118833977492
13.28999999999976,0.001262439980940825
13.29999999999976,0.0012790679238223607
13.30999999999976,0.0012960103331810502
13.31999999999976,0.001313275082134234
13.32999999999976,0.001330870245177113
13.33999999999976,0.0013488040971832557
13.34999999999976,0.0013670851125863782
13.35999999999976,0.0013857219647035845
13.36999999999976,0.001404723525216356
13.37999999999976,0.0014240988637477534
13.38999999999976,0.0014438572475642848
13.39999999999976,0.0014640081413294414
13.40999999999976,0.0014845612069589308
13.419999999999758,0.001505526303470339
13.429999999999758,0.0015269134869022876
13.439999999999758,0.0015487330101780455
13.449999999999758,0.00157099532300715
13.459999999999756,0.0015937110716670471
13.469999999999756,0.001616891098782738
13.479999999999755,0.0016405464429375845
13.489999999999757,0.0016646883382260688
13.499999999999757,0.0016893282135724895
13.509999999999756,0.001714477691947825
13.519999999999756,0.0017401485892721254
13.529999999999756,0.0017663529131667552
13.539999999999756,0.001793102861300794
13.549999999999756,0.001820410819537211
13.559999999999755,0.001848289359566718
13.569999999999755,0.0018767512362893874
13.579999999999757,0.0019058093845604645
13.589999999999756,0.0019354769156322354
13.599999999999756,0.001965767112810412
13.609999999999754,0.0019966934267546155
13.619999999999754,0.0020282694698302776
13.629999999999754,0.0020605090100430253
13.639999999999754,0.002093425963831907
13.649999999999752,0.002127034388389724
13.659999999999751,0.002161348472615312
13.669999999999751,0.002196382527541669
13.679999999999753,0.0022321509751276497
13.689999999999753,0.002268668336484799
13.699999999999752,0.0023059492181508752
13.709999999999752,0.002344008297770971
13.719999999999752,0.002382860307450701
13.729999999999752,0.002422520016508154
13.739999999999752,0.002463002211456461
13.749999999999751,0.002504321675418534
13.759999999999753,0.002546493164226056
13.769999999999753,0.0025895313820357233
13.779999999999752,0.002633450952990969
13.78999999999975,0.0026782663925405004
13.79999999999975,0.0027239920740393725
13.80999999999975,0.0027706421952393423
13.81999999999975,0.0028182307391281377
13.82999999999975,0.002866771435040837
13.839999999999748,0.0029162777129647967
13.849999999999747,0.0029667626586818326
13.859999999999747,0.003018238960697918
13.869999999999749,0.003070718858826142
13.879999999999749,0.003124214082800607
13.889999999999748,0.0031787357937183335
13.899999999999748,0.00323429451332169
13.909999999999748,0.0032909000577599316
13.919999999999748,0.003348561456385834
13.929999999999747,0.003407286877358554
13.939999999999747,0.0034670835348427228
13.949999999999749,0.0035279576060113227
13.959999999999749,0.0035899141253215444
13.969999999999748,0.0036529568927846476
13.979999999999746,0.003717088353895542
13.989999999999746,0.003782309499260328
13.999999999999746,0.00384861972867221
14.009999999999746,0.003916016742566717
14.019999999999746,0.003984496388618328
14.029999999999744,0.004054052546011229
14.039999999999743,0.004124676952797476
14.049999999999743,0.004196359084725254
14.059999999999745,0.0042690859614059416
14.069999999999744,0.004342842022418816
14.079999999999744,0.004417608910119635
14.089999999999744,0.004493365347021403
14.099999999999744,0.004570086892774635
14.109999999999744,0.004647745828534007
14.119999999999743,0.004726310885202445
14.129999999999743,0.004805747142695951
14.139999999999745,0.004886015725932277
14.149999999999745,0.004967073729711213
14.159999999999744,0.005048873878029889
14.169999999999742,0.005131364488964097
14.179999999999742,0.005214489091512747
14.189999999999742,0.005298186449510458
14.199999999999742,0.005382390128273809
14.209999999999742,0.005467028602374948
14.21999999999974,0.005552024761511881
14.22999999999974,0.005637296134565512
14.23999999999974,0.005722754320061664
14.24999999999974,0.0058083053674847385
14.25999999999974,0.005893849112581519
14.26999999999974,0.005979279768660374
14.27999999999974,0.006064485138570913
14.28999999999974,0.006149347482612735
14.29999999999974,0.00623374256862056
14.30999999999974,0.006317540899987665
14.31999999999974,0.006400606550887727
14.32999999999974,0.006482798858353088
14.33999999999974,0.006563970970564007
14.34999999999974,0.006643972131405087
14.359999999999738,0.006722645844812336
14.369999999999738,0.006799832908927814
14.379999999999738,0.006875369067604066
14.389999999999738,0.0069490889846440486
14.399999999999736,0.007020823213302946
14.409999999999735,0.0070904033390138885
14.419999999999735,0.007157658048805589
14.429999999999737,0.007222419712433958
14.439999999999737,0.007284519274780467
14.449999999999736,0.007343794590244488
14.459999999999736,0.007400083793149122
14.469999999999736,0.007453235745662638
14.479999999999736,0.007503101465802088
14.489999999999736,0.007549547091803881
14.499999999999735,0.007592442867980318
14.509999999999737,0.007631679063525035
14.519999999999737,0.007667151939398001
14.529999999999736,0.007698783080024031
14.539999999999734,0.007726501698876273
14.549999999999734,0.0077502678387142655
14.559999999999734,0.007770050332404262
14.569999999999734,0.007785854291160603
14.579999999999734,0.007797694036669061
14.589999999999732,0.007805625215965158
14.599999999999731,0.007809712080709772
14.609999999999731,0.00781006443203358
14.619999999999733,0.007806798762852234
14.629999999999733,0.0078000800396763265
14.639999999999732,0.007790076462706578
14.649999999999732,0.007777005834549896
14.659999999999732,0.007761084041746523
14.669999999999732,0.007742575452963638
14.679999999999731,0.007721735683042247
14.689999999999731,0.007698865128619979
14.699999999999733,0.00767424712024064
14.709999999999733,0.007648203377141397
14.719999999999732,0.007621029236576515
14.72999999999973,0.00759304953688311
14.73999999999973,0.0075645531602480135
14.74999999999973,0.007535847679440708
14.75999999999973,0.00750719586229199
14.76999999999973,0.0074788673794712185
14.779999999999728,0.007451080089622318
14.789999999999727,0.007424047220362425
14.799999999999727,0.007397926096187122
14.809999999999729,0.007372859465542687
14.819999999999729,0.007348933814365031
14.829999999999728,0.0073262138895822245
14.839999999999728,0.007304711902245709
14.849999999999728,0.007284414748338224
14.859999999999728,0.007265264371430147
14.869999999999727,0.0072471776552652445
14.879999999999727,0.007230037168234927
14.889999999999729,0.007213704148508137
14.899999999999729,0.007198017980169612
14.909999999999728,0.007182803064433502
14.919999999999726,0.007167874820992437
14.929999999999726,0.007153041500485804
14.939999999999726,0.007138114321957632
14.949999999999726,0.007122905409780292
14.959999999999726,0.007107239837295987
14.969999999999724,0.007090950865429409
14.979999999999723,0.007073892067458724
14.989999999999725,0.007055930928235448
14.999999999999725,0.007036959753325905
15.009999999999724,0.007016888495207986
15.019999999999724,0.0069956536890013
15.029999999999724,0.006973211149049432
15.039999999999724,0.0069495426412868
15.049999999999724,0.006924648879547529
15.059999999999723,0.006898553996931651
15.069999999999723,0.006871299093698324
15.079999999999725,0.006842944795541507
15.089999999999725,0.006813565477150325
15.099999999999724,0.006783250306853303
15.109999999999722,0.006752098190957099
15.119999999999722,0.006720217729014085
15.129999999999722,0.006687722882700986
15.139999999999722,0.0066547322357532615
15.14999999999972,0.0066213653717809235
15.15999999999972,0.006587741776043628
15.16999999999972,0.00655397789602441
15.17999999999972,0.0065201859570577945
15.18999999999972,0.006486471671159432
15.19999999999972,0.006452933172786557
15.20999999999972,0.006419659335258324
15.21999999999972,0.006386728967452809
15.22999999999972,0.006354209694682585
15.23999999999972,0.006322157493191225
15.24999999999972,0.006290616091623277
15.25999999999972,0.00625961686325773
15.26999999999972,0.006229178699825487
15.27999999999972,0.006199308239209108
15.289999999999718,0.006170000150320145
15.299999999999718,0.006141237650728981
15.309999999999718,0.006112993122791816
15.319999999999718,0.006085228866687544
15.329999999999718,0.0060578979509871836
15.339999999999716,0.006030945144294236
15.349999999999715,0.006004307900313722
15.359999999999715,0.0059779174046934
15.369999999999717,0.0059516996092151934
15.379999999999717,0.00592557632082242
15.389999999999716,0.005899466224286338
15.399999999999716,0.00587328593609518
15.409999999999716,0.005846950976997026
15.419999999999716,0.005820376723179684
15.429999999999715,0.005793479299665047
15.439999999999715,0.005766176386762051
15.449999999999717,0.005738388003562406
15.459999999999717,0.005710037159007685
15.469999999999716,0.005681050492154297
15.479999999999714,0.005651358780386226
15.489999999999714,0.0056208974106471314
15.499999999999714,0.005589606763279551
15.509999999999714,0.005557432508732923
15.519999999999714,0.005524325876960584
15.529999999999712,0.005490243798959674
15.539999999999711,0.005455149059435987
15.549999999999711,0.0054190103203928955
15.559999999999713,0.005381802151438556
15.569999999999713,0.005343504973809671
15.579999999999712,0.005304104972184071
15.589999999999712,0.005263593985106554
15.599999999999712,0.005221969318731351
15.609999999999712,0.005179233592565796
15.619999999999711,0.005135394489027105
15.629999999999711,0.005090464552658249
15.639999999999713,0.005044460911712251
15.649999999999713,0.004997405029295358
15.659999999999712,0.00494932242422252
15.66999999999971,0.004900242381661289
15.67999999999971,0.004850197685367468
15.68999999999971,0.004799224305993382
15.69999999999971,0.004747361144167679
15.70999999999971,0.004694649719597159
15.719999999999708,0.004641133919398747
15.729999999999707,0.004586859708389073
15.739999999999707,0.004531874879095644
15.749999999999709,0.00447622879514211
15.759999999999708,0.004419972145644103
15.769999999999708,0.004363156724187795
15.779999999999708,0.004305835195483292
15.789999999999708,0.00424806090554422
15.799999999999708,0.0041898876705753684
15.809999999999707,0.004131369612027559
15.819999999999707,0.004072560975119483
15.829999999999709,0.0040135159839553855
15.839999999999709,0.003954288693089171
15.849999999999708,0.0038949328606029416
15.859999999999706,0.003835501831691323
15.869999999999706,0.003776048430175748
15.879999999999706,0.0037166248702486145
15.889999999999706,0.003657282667776264
15.899999999999704,0.00359807257531614
15.909999999999703,0.003539044514047513
15.919999999999703,0.00348024752760687
15.929999999999705,0.0034217297341721754
15.939999999999705,0.003363538295587689
15.949999999999704,0.0033057193878694604
15.959999999999704,0.003248318182934482
15.969999999999704,0.003191378834583233
15.979999999999704,0.0031349444709317413
15.989999999999704,0.003079057192553584
15.999999999999703,0.0030237580735590487
16.009999999999703,0.0029690871685833244
16.019999999999705,0.0029150835201323323
16.029999999999706,0.002861785171138905
16.039999999999708,0.002809229176495509
16.04999999999971,0.00275745161779041
16.05999999999971,0.0027064876161763973
16.069999999999713,0.00265637134621723
16.079999999999714,0.0026071360471381613
16.089999999999716,0.002558814033002423
16.099999999999717,0.0025114366991468642
16.10999999999972,0.0024650345256302855
16.11999999999972,0.002419637075835785
16.129999999999722,0.002375272990322776
16.139999999999723,0.0023319699746188163
16.149999999999725,0.0022897547808130446
16.159999999999727,0.002248653181969168
16.169999999999728,0.0022086899391645055
16.17999999999973,0.0021698887605870317
16.18999999999973,0.0021322722525574296
16.199999999999733,0.002095861862260809
16.209999999999734,0.0020606778123841646
16.219999999999736,0.002026739027856721
16.229999999999738,0.0019940630553363014
16.23999999999974,0.001962665976087447
16.24999999999974,0.0019325623134551833
16.259999999999742,0.0019037649361484444
16.269999999999744,0.0018762849590347461
16.279999999999745,0.001850131643323245
16.289999999999747,0.001825312298305033
16.29999999999975,0.001801832186981253
16.30999999999975,0.0017796944381340935
16.31999999999975,0.001758899967441114
16.329999999999753,0.0017394474103145769
16.339999999999755,0.0017213330690000076
16.349999999999756,0.0017045508763263557
16.359999999999758,0.0016890923783843114
16.36999999999976,0.001674946737759026
16.37999999999976,0.0016621007588193226
16.389999999999763,0.0016505389358079366
16.399999999999764,0.0016402435240856156
16.409999999999766,0.0016311946342328488
16.419999999999767,0.0016233703480621144
16.42999999999977,0.0016167468551282153
16.43999999999977,0.0016112986077097648
16.449999999999772,0.0016069984918357643
16.459999999999773,0.0016038180115849024
16.469999999999775,0.0016017274835460258
16.479999999999777,0.0016006962382606965
16.489999999999778,0.001600692825397757
16.49999999999978,0.00160168521946126
16.50999999999978,0.0016036410230064046
16.519999999999783,0.0016065276645959405
16.529999999999784,0.0016103125890350536
16.539999999999786,0.0016149634376892046
16.549999999999788,0.0016204482172827146
16.55999999999979,0.001626735455702773
16.56999999999979,0.0016337943438696372
16.579999999999792,0.001641594863163232
16.589999999999794,0.0016501078980305686
16.599999999999795,0.0016593053338788183
16.609999999999797,0.0016691601405856324
16.6199999999998,0.0016796464421119995
16.6299999999998,0.0016907395729325568
16.6399999999998,0.0017024161221146131
16.649999999999803,0.0017146539659950151
16.659999999999805,0.00172743229040975
16.669999999999806,0.0017407316035099154
16.679999999999808,0.0017545337402046525
16.68999999999981,0.0017688218591904242
16.69999999999981,0.0017835804335828986
16.709999999999813,0.001798795236011275
16.719999999999814,0.0018144533191009774
16.729999999999816,0.0018305429920957138
16.739999999999817,0.0018470537943735994
16.74999999999982,0.001863976466506439
16.75999999999982,0.0018813029194722328
16.769999999999822,0.0018990262025521745
16.779999999999824,0.0019171404703431218
16.789999999999825,0.0019356409493605303
16.799999999999827,0.0019545239045376545
16.809999999999828,0.0019737866059245574
16.81999999999983,0.001993427295878085
16.82999999999983,0.0020134451569204324
16.839999999999833,0.0020338402804924347
16.849999999999834,0.0020546136366855934
16.859999999999836,0.00207576704514436
16.869999999999838,0.00209730314716633
16.87999999999984,0.002119225379120512
16.88999999999984,0.002141537947193858
16.899999999999842,0.0021642458035450764
16.909999999999844,0.0021873546238388116
16.919999999999845,0.0022108707862268863
16.929999999999847,0.002234801351720106
16.93999999999985,0.0022591540459885586
16.94999999999985,0.002283937242549129
16.95999999999985,0.002309159947344386
16.969999999999853,0.0023348317846537993
16.979999999999855,0.002360962984377273
16.989999999999856,0.002387564370572459
16.999999999999858,0.002414647351312211
17.00999999999986,0.0024422239097503045
17.01999999999986,0.002470306596437337
17.029999999999863,0.0024989085227856344
17.039999999999864,0.0025280433557290944
17.049999999999866,0.002557725313463175
17.059999999999867,0.002587969162344912
17.06999999999987,0.0026187902147853472
17.07999999999987,0.0026502043282862924
17.089999999999872,0.002682227905401289
17.099999999999874,0.0027148778947848743
17.109999999999875,0.002748171793150556
17.119999999999877,0.0027821276482524675
17.129999999999878,0.0028167640627405287
17.13999999999988,0.0028521001990284922
17.14999999999988,0.002888155784974455
17.159999999999883,0.0029249511205762637
17.169999999999884,0.002962507085421743
17.179999999999886,0.0030008451471702693
17.189999999999888,0.003039987370732422
17.19999999999989,0.0030799564285121134
17.20999999999989,0.0031207756112744713
17.219999999999892,0.003162468840132078
17.229999999999894,0.003205060679097031
17.239999999999895,0.0032485763487908694
17.249999999999897,0.0032930417406648194
17.2599999999999,0.003338483432453611
17.2699999999999,0.003384928704053872
17.2799999999999,0.0034324055547411123
17.289999999999903,0.0034809427207055073
17.299999999999905,0.003530569694069804
17.309999999999906,0.003581316742084235
17.319999999999908,0.0036332149279842837
17.32999999999991,0.0036862961318624753
17.33999999999991,0.0037405930734179336
17.349999999999913,0.003796139334507944
17.359999999999914,0.0038529693838765585
17.369999999999916,0.0039111186013795355
17.379999999999917,0.00397062330476379
17.38999999999992,0.004031520775594555
17.39999999999992,0.004093849288177779
17.409999999999922,0.004157648137169101
17.419999999999924,0.0042229576687632464
17.429999999999925,0.004289819309969523
17.439999999999927,0.004358275602214198
17.44999999999993,0.004428370232217049
17.45999999999993,0.004500148068197541
17.46999999999993,0.00457365519226743
17.479999999999933,0.004648938939451171
17.489999999999934,0.004726047931464493
17.499999999999936,0.004805032118822344
17.509999999999938,0.004885942815805587
17.51999999999994,0.004968832745978334
17.52999999999994,0.005053756078067726
17.539999999999942,0.0051407684753168245
17.549999999999944,0.0052299271318652744
17.559999999999945,0.005321290826484758
17.569999999999947,0.0054149199588844205
17.57999999999995,0.005510876608541833
17.58999999999995,0.005609224570137887
17.59999999999995,0.005710029418410105
17.609999999999953,0.0058133585416244105
17.619999999999955,0.005919281213687955
17.629999999999956,0.006027868624142216
17.639999999999958,0.006139193959190004
17.64999999999996,0.006253332426146056
17.65999999999996,0.006370361345615631
17.669999999999963,0.006490360167550416
17.679999999999964,0.006613410577639032
17.689999999999966,0.0067395965010536045
17.699999999999967,0.006869004227227027
17.70999999999997,0.007001722395940629
17.71999999999997,0.0071378421462153585
17.729999999999972,0.007277457077370767
17.739999999999974,0.0074206634299711005
17.749999999999975,0.007567560011694334
17.759999999999977,0.00771824842132658
17.76999999999998,0.007872832925427595
17.77999999999998,0.00803142074067591
17.78999999999998,0.008194121841917444
17.799999999999983,0.008361049324231533
17.809999999999985,0.008532319115421771
17.819999999999986,0.00870805044769667
17.829999999999988,0.008888365437129042
17.83999999999999,0.00907338970691712
17.84999999999999,0.009263251781466067
17.859999999999992,0.009458083920309139
17.869999999999994,0.009658021253537317
17.879999999999995,0.009863202909713825
17.889999999999997,0.010073770789753921
17.9,0.010289871106708728
17.91,0.01051165265314493
17.92,0.010739268919943933
17.930000000000003,0.010972875652402741
17.940000000000005,0.011212633785565494
17.950000000000006,0.01145870599895443
17.960000000000008,0.011711260806792887
17.97000000000001,0.011970467699114756
17.98000000000001,0.012236502870046642
17.990000000000013,0.012509542357902295
18.000000000000014,0.012789770103003533
18.010000000000016,0.013077368247473835
18.020000000000017,0.013372528514475627
18.030000000000015,0.013675438465354428
18.04000000000002,0.013986297626255492
18.050000000000026,0.014305297975649332
18.060000000000024,0.014632646872894596
18.070000000000025,0.014968539289463512
18.080000000000027,0.015313190506067926
18.09000000000003,0.015666796498433437
18.100000000000033,0.016029580695458023
18.11000000000003,0.01640173732708521
18.120000000000037,0.016783498467351318
18.130000000000035,0.01717505281569023
18.14000000000004,0.01757664206636981
18.15000000000004,0.017988444184716804
18.16000000000004,0.01841071226268221
18.17000000000004,0.018843606365307693
18.18000000000004,0.019287394060335496
18.190000000000044,0.019742207608346718
18.200000000000045,0.02020833419067345
18.210000000000047,0.02068586450833309
18.22000000000005,0.021175113701655035
18.230000000000047,0.021676111699900545
18.240000000000048,0.02218921488171586
18.250000000000053,0.022714365407159494
18.26000000000005,0.023251981691882615
18.270000000000056,0.02380187995613783
18.280000000000054,0.024364572827728807
18.29000000000006,0.024939696301045356
18.30000000000006,0.02552790650485451
18.310000000000063,0.02612858158143318
18.320000000000064,0.02674259607213989
18.330000000000062,0.027368958727977587
18.340000000000067,0.028008875623389547
18.35000000000007,0.028660825190029274
18.36000000000007,0.029326514928381436
18.370000000000072,0.030003659988993306
18.380000000000077,0.030694723262422594
18.390000000000075,0.03139631853598902
18.40000000000008,0.03211204213255809
18.41000000000008,0.03283691503031266
18.42000000000008,0.033576227511090774
18.43000000000008,0.03432269280982102
18.440000000000083,0.03508412305895256
18.450000000000085,0.035849883813542864
18.46000000000009,0.03663152700917065
18.470000000000088,0.03741355939312954
18.48000000000009,0.038213056945018205
18.490000000000087,0.03900747613208726
18.50000000000009,0.03982201869559233
18.51000000000009,0.04062392217195596
18.520000000000092,0.041450288010961685
18.530000000000097,0.04225357186029013
18.540000000000095,0.04308821652779811
18.5500000000001,0.04388535939236105
18.560000000000105,0.04472457667610865
18.570000000000103,0.045506385570049906
18.580000000000105,0.04634656332918665
18.590000000000103,0.04710187587386962
18.600000000000108,0.04793987268489336
18.610000000000113,0.048655212774305956
18.62000000000011,0.049488880324169225
18.630000000000116,0.05014807047813272
18.640000000000114,0.050976939498378795
18.65000000000012,0.051560685982466214
18.66000000000012,0.05238681605000085
18.67000000000012,0.05287230584820688
18.68000000000012,0.053701266262624274
18.69000000000012,0.05406185242107456
18.700000000000124,0.054903746824688515
18.710000000000125,0.05510885409150853
18.720000000000127,0.05597922119081315
18.73000000000013,0.055994677481999565
18.740000000000126,0.056914995109839966
18.750000000000128,0.056704078346006354
18.760000000000133,0.057701480660974774
18.77000000000013,0.05722704247444601
18.780000000000136,0.05833276300887446
18.790000000000138,0.05756080633346418
18.800000000000136,0.0588068436605205
18.81000000000014,0.05771182076446377
18.820000000000142,0.05912547905396047
18.830000000000144,0.057697255321310315
18.840000000000146,0.05929364044009019
18.850000000000147,0.05754547200601749
18.86000000000015,0.05931878559083839
18.870000000000154,0.05729480955330596
18.88000000000015,0.059210306021058076
18.890000000000157,0.05699014377388468
18.900000000000155,0.058979588204790656
18.91000000000016,0.056677154261978675
18.92000000000016,0.058640962362664584
18.93000000000016,0.05639504517969881
18.94000000000016,0.0582133194664029
18.950000000000163,0.05616939904042751
18.960000000000164,0.057721458536978035
18.97000000000017,0.05600738214814082
18.980000000000167,0.05719567266193735
18.99000000000017,0.05589714576779364
19.000000000000167,0.05666827407613245
19.01000000000017,0.0558118756035514
19.020000000000174,0.056167066362145746
19.03000000000017,0.055717102773223864
19.040000000000177,0.055707802880911206
19.050000000000175,0.05557858504388345
19.06000000000018,0.055289106020914344
19.07000000000018,0.0553680781908465
19.080000000000183,0.05489271972548558
19.090000000000185,0.05506570635553923
19.100000000000183,0.054489226188606806
19.110000000000188,0.05465961660905425
19.12000000000019,0.05404632231508212
19.13000000000019,0.05414485285214084
19.140000000000192,0.053535833623681146
19.150000000000198,0.05352292297153814
19.1600000000002,0.05293754008948772
19.1700000000002,0.05280172380824103
19.1800000000002,0.052240760044922355
19.1900000000002,0.05199416717596299
19.2000000000002,0.05144568873254158
19.210000000000203,0.051114798852253326
19.220000000000205,0.050564650745610895
19.230000000000206,0.05017647069666087
19.240000000000208,0.04962076973527986
19.25000000000021,0.04919065463279192
19.260000000000208,0.048641712766089557
19.270000000000213,0.04817241778766918
19.28000000000021,0.04765047178786255
19.290000000000216,0.04714560900738636
19.300000000000217,0.04665998783536215
19.310000000000215,0.046141027890451575
19.32000000000022,0.0456775666757709
19.330000000000226,0.0451851702315135
19.340000000000224,0.044716559996357284
19.350000000000225,0.044287340154567506
19.360000000000227,0.043803562167440226
19.37000000000023,0.04343841385995964
19.380000000000233,0.042970060111665535
19.39000000000023,0.04262653425963461
19.400000000000237,0.042231298099408114
19.410000000000235,0.041857931063510365
19.42000000000024,0.041571127981784355
19.43000000000024,0.041161570268047655
19.44000000000024,0.04095163807578771
19.45000000000024,0.04056723859141455
19.46000000000024,0.04034500423954412
19.470000000000244,0.040072397106391294
19.48000000000025,0.03976091529311551
19.490000000000247,0.03962999384257028
19.50000000000025,0.039241117857352216
19.510000000000247,0.03917552244468395
19.52000000000025,0.03881887634851509
19.530000000000253,0.038675349944562024
19.54000000000025,0.038475756727811755
19.550000000000257,0.03815499604096799
19.560000000000255,0.03813776979989356
19.57000000000026,0.037678663404774604
19.58000000000026,0.0377211973605493
19.590000000000263,0.03729080064286978
19.600000000000264,0.03719320331601906
19.610000000000262,0.036966474406887814
19.620000000000267,0.03659765731275656
19.63000000000027,0.036615556882991604
19.64000000000027,0.03602286459069102
19.650000000000272,0.0361409635745051
19.660000000000277,0.035532479102508376
19.670000000000275,0.03550551266547399
19.68000000000028,0.035112048349382745
19.69000000000028,0.03475740432122427
19.70000000000028,0.03467376884716229
19.71000000000028,0.0339970457757034
19.720000000000283,0.03411462329342495
19.730000000000285,0.03330916704080553
19.74000000000029,0.0333824876464935
19.750000000000288,0.032708135935399646
19.76000000000029,0.032505417020077705
19.770000000000287,0.032133612800026023
19.78000000000029,0.03157005581774188
19.79000000000029,0.031494254505102785
19.800000000000296,0.030668023363101145
19.810000000000297,0.03072405937445729
19.820000000000295,0.029846240628156488
19.8300000000003,0.02981529508338485
19.840000000000305,0.029090438383695447
19.850000000000303,0.02881452232436268
19.860000000000305,0.028345596684243888
19.870000000000307,0.02779168614415505
19.880000000000308,0.0275533028762597
19.890000000000313,0.026804195390051796
19.90000000000031,0.0266814187074135
19.910000000000316,0.025875672874495322
19.920000000000314,0.025733283291698522
19.93000000000032,0.02499642513581899
19.94000000000032,0.024738243934390385
19.95000000000032,0.02413902219767877
19.96000000000032,0.023733676090916835
19.97000000000032,0.0232765374589114
19.980000000000324,0.022749311597811402
19.990000000000325,0.022394129465677745
20.000000000000327,0.0
